<?xml version="1.0" encoding="utf-8" standalone="yes" ?>
<rss version="2.0" xmlns:atom="http://www.w3.org/2005/Atom">
  <channel>
    <title>Authors | Igor de Almeida</title>
    <link>/authors/</link>
      <atom:link href="/authors/index.xml" rel="self" type="application/rss+xml" />
    <description>Authors</description>
    <generator>Source Themes Academic (https://sourcethemes.com/academic/)</generator><language>en-us</language><copyright>2020</copyright>
    <image>
      <url>/images/icon_hu0b7a4cb9992c9ac0e91bd28ffd38dd00_9727_512x512_fill_lanczos_center_2.png</url>
      <title>Authors</title>
      <link>/authors/</link>
    </image>
    
    <item>
      <title></title>
      <link>/authors/admin/</link>
      <pubDate>Mon, 01 Jan 0001 00:00:00 +0000</pubDate>
      <guid>/authors/admin/</guid>
      <description>&lt;p&gt;I am a Social Psychologist specialised in Cultural Psychology. I have experience conducting experiments, analysing data, writing up and presenting results. I have done experiments in English, Portuguese and Japanese.
Most of my experiments involve some sort of data analysis (&amp;lsquo;data science&amp;rsquo;, if you will), such as analysis of public (large) datasets and text analysis. I&#39;m also trained in classical experimentation methods in Social Psychology.&lt;/p&gt;
</description>
    </item>
    
  </channel>
</rss>
