[{"authors":["admin"],"categories":null,"content":"I am a Social Psychologist specialised in Cultural Psychology. I have experience conducting experiments, analysing data, writing up and presenting results. I have done experiments in English, Portuguese and Japanese. Most of my experiments involve some sort of data analysis (\u0026lsquo;data science\u0026rsquo;, if you will), such as analysis of public (large) datasets and text analysis. I'm also trained in classical experimentation methods in Social Psychology.\n","date":-62135596800,"expirydate":-62135596800,"kind":"taxonomy","lang":"en","lastmod":-62135596800,"objectID":"2525497d367e79493fd32b198b28f040","permalink":"/authors/admin/","publishdate":"0001-01-01T00:00:00Z","relpermalink":"/authors/admin/","section":"authors","summary":"I am a Social Psychologist specialised in Cultural Psychology. I have experience conducting experiments, analysing data, writing up and presenting results. I have done experiments in English, Portuguese and Japanese. Most of my experiments involve some sort of data analysis (\u0026lsquo;data science\u0026rsquo;, if you will), such as analysis of public (large) datasets and text analysis. I'm also trained in classical experimentation methods in Social Psychology.","tags":null,"title":"Igor de Almeida","type":"authors"},{"authors":null,"categories":null,"content":"Welcome to the Academic Kickstart template!\nFollow our Getting Started and Page Builder guides to easily personalize the template and then add your own content.\nFor inspiration, check out the Markdown files which power the personal demo. The easiest way to publish your new site to the internet is with Netlify.\n View the documentation Ask a question Request a feature or report a bug Updating? View the Update Guide and Release Notes Support development of Academic:  Donate a coffee Become a backer on Patreon Decorate your laptop or journal with an Academic sticker Wear the T-shirt     This homepage section is an example of adding elements to the Blank widget.\nBackgrounds can be applied to any section. Here, the background option is set give a color gradient.\nTo remove this section, delete content/home/demo.md.\n  ","date":-62135596800,"expirydate":-62135596800,"kind":"page","lang":"en","lastmod":-62135596800,"objectID":"33d3cedc2d74629a40b36bf8cf252b87","permalink":"/demo/","publishdate":"0001-01-01T00:00:00Z","relpermalink":"/demo/","section":"","summary":"Welcome to the Academic Kickstart template!\nFollow our Getting Started and Page Builder guides to easily personalize the template and then add your own content.\nFor inspiration, check out the Markdown files which power the personal demo. The easiest way to publish your new site to the internet is with Netlify.\n View the documentation Ask a question Request a feature or report a bug Updating? View the Update Guide and Release Notes Support development of Academic:  Donate a coffee Become a backer on Patreon Decorate your laptop or journal with an Academic sticker Wear the T-shirt     This homepage section is an example of adding elements to the Blank widget.","tags":null,"title":"Academic Kickstart","type":"page"}]