<?xml version="1.0" encoding="utf-8" standalone="yes" ?>
<rss version="2.0" xmlns:atom="http://www.w3.org/2005/Atom">
  <channel>
    <title>Igor de Almeida</title>
    <link>/</link>
      <atom:link href="/index.xml" rel="self" type="application/rss+xml" />
    <description>Igor de Almeida</description>
    <generator>Source Themes Academic (https://sourcethemes.com/academic/)</generator><language>en-us</language><copyright>2020</copyright><lastBuildDate>Thu, 28 Jun 2018 00:00:00 +0100</lastBuildDate>
    <image>
      <url>/images/icon_hu0b7a4cb9992c9ac0e91bd28ffd38dd00_9727_512x512_fill_lanczos_center_2.png</url>
      <title>Igor de Almeida</title>
      <link>/</link>
    </image>
    
    <item>
      <title>Academic Kickstart</title>
      <link>/demo/</link>
      <pubDate>Mon, 01 Jan 0001 00:00:00 +0000</pubDate>
      <guid>/demo/</guid>
      <description>&lt;p&gt;Welcome to the &lt;strong&gt;Academic Kickstart&lt;/strong&gt; template!&lt;/p&gt;
&lt;p&gt;Follow our &lt;a href=&#34;https://sourcethemes.com/academic/docs/get-started/&#34;&gt;Getting Started&lt;/a&gt; and &lt;a href=&#34;https://sourcethemes.com/academic/docs/widgets/&#34;&gt;Page Builder&lt;/a&gt; guides to easily personalize the template and then &lt;a href=&#34;https://sourcethemes.com/academic/docs/managing-content/&#34;&gt;add your own content&lt;/a&gt;.&lt;/p&gt;
&lt;p&gt;For inspiration, check out &lt;a href=&#34;https://sourcethemes.com/academic/docs/install/#demo-content&#34;&gt;the Markdown files&lt;/a&gt; which power the &lt;a href=&#34;https://academic-demo.netlify.com/&#34;&gt;personal demo&lt;/a&gt;. The easiest way to publish your new site to the internet is with &lt;a href=&#34;https://sourcethemes.com/academic/docs/deployment/&#34;&gt;Netlify&lt;/a&gt;.&lt;/p&gt;
&lt;ul&gt;
&lt;li&gt;&lt;a href=&#34;https://sourcethemes.com/academic/docs/&#34;&gt;View the documentation&lt;/a&gt;&lt;/li&gt;
&lt;li&gt;&lt;a href=&#34;http://discuss.gohugo.io/&#34;&gt;Ask a question&lt;/a&gt;&lt;/li&gt;
&lt;li&gt;&lt;a href=&#34;https://github.com/gcushen/hugo-academic/issues&#34;&gt;Request a feature or report a bug&lt;/a&gt;&lt;/li&gt;
&lt;li&gt;Updating? View the &lt;a href=&#34;https://sourcethemes.com/academic/docs/update/&#34;&gt;Update Guide&lt;/a&gt; and &lt;a href=&#34;https://sourcethemes.com/academic/updates/&#34;&gt;Release Notes&lt;/a&gt;&lt;/li&gt;
&lt;li&gt;Support development of Academic:
&lt;ul&gt;
&lt;li&gt;&lt;a href=&#34;https://paypal.me/cushen&#34;&gt;Donate a coffee&lt;/a&gt;&lt;/li&gt;
&lt;li&gt;&lt;a href=&#34;https://www.patreon.com/cushen&#34;&gt;Become a backer on Patreon&lt;/a&gt;&lt;/li&gt;
&lt;li&gt;&lt;a href=&#34;https://www.redbubble.com/people/neutreno/works/34387919-academic&#34;&gt;Decorate your laptop or journal with an Academic sticker&lt;/a&gt;&lt;/li&gt;
&lt;li&gt;&lt;a href=&#34;https://academic.threadless.com/&#34;&gt;Wear the T-shirt&lt;/a&gt;&lt;/li&gt;
&lt;/ul&gt;
&lt;/li&gt;
&lt;/ul&gt;
&lt;div class=&#34;alert alert-note&#34;&gt;
  &lt;div&gt;
    &lt;p&gt;This homepage section is an example of adding &lt;a href=&#34;https://sourcethemes.com/academic/docs/writing-markdown-latex/&#34;&gt;elements&lt;/a&gt; to the &lt;a href=&#34;https://sourcethemes.com/academic/docs/widgets/&#34;&gt;&lt;em&gt;Blank&lt;/em&gt; widget&lt;/a&gt;.&lt;/p&gt;
&lt;p&gt;Backgrounds can be applied to any section. Here, the &lt;em&gt;background&lt;/em&gt; option is set give a &lt;em&gt;color gradient&lt;/em&gt;.&lt;/p&gt;
&lt;p&gt;&lt;strong&gt;To remove this section, delete &lt;code&gt;content/home/demo.md&lt;/code&gt;.&lt;/strong&gt;&lt;/p&gt;
  &lt;/div&gt;
&lt;/div&gt;
</description>
    </item>
    
    <item>
      <title>Privacy Policy</title>
      <link>/privacy/</link>
      <pubDate>Thu, 28 Jun 2018 00:00:00 +0100</pubDate>
      <guid>/privacy/</guid>
      <description>&lt;p&gt;Add your privacy policy here and set &lt;code&gt;draft: false&lt;/code&gt; to publish it. Otherwise, delete this file if you don&#39;t need it.&lt;/p&gt;
</description>
    </item>
    
    <item>
      <title>Terms</title>
      <link>/terms/</link>
      <pubDate>Thu, 28 Jun 2018 00:00:00 +0100</pubDate>
      <guid>/terms/</guid>
      <description>&lt;p&gt;Add your terms here and set &lt;code&gt;draft: false&lt;/code&gt; to publish it. Otherwise, delete this file if you don&#39;t need it.&lt;/p&gt;
</description>
    </item>
    
  </channel>
</rss>
