<?xml version="1.0" encoding="utf-8" standalone="yes" ?>
<rss version="2.0" xmlns:atom="http://www.w3.org/2005/Atom">
  <channel>
    <title>Igor de Almeida</title>
    <link>/authors/admin/</link>
      <atom:link href="/authors/admin/index.xml" rel="self" type="application/rss+xml" />
    <description>Igor de Almeida</description>
    <generator>Source Themes Academic (https://sourcethemes.com/academic/)</generator><language>en-us</language><copyright>2020</copyright>
    <image>
      <url>/images/icon_hu0b7a4cb9992c9ac0e91bd28ffd38dd00_9727_512x512_fill_lanczos_center_2.png</url>
      <title>Igor de Almeida</title>
      <link>/authors/admin/</link>
    </image>
    
  </channel>
</rss>
